{
  "IcoMoonType": "selection",
  "icons": [
    {
      "icon": {
        "paths": [
          "M854 342v-86l-342 214-342-214v86l342 212zM854 170q34 0 59 26t25 60v512q0 34-25 60t-59 26h-684q-34 0-59-26t-25-60v-512q0-34 25-60t59-26h684z"
        ],
        "attrs": [],
        "isMulticolor": false,
        "isMulticolor2": false,
        "tags": [
          "email, mail, markunread, local_post_office"
        ],
        "grid": 24
      },
      "attrs": [],
      "properties": {
        "order": 10,
        "ligatures": "email, mail, markunread, local_post_office",
        "id": 101,
        "prevSize": 24,
        "name": "emailmailmarkunreadlocal_post_office"
      },
      "setIdx": 0,
      "setId": 0,
      "iconIdx": 101
    },
    {
      "icon": {
        "paths": [
          "M726 726v-172h-86v172h86zM554 726v-428h-84v428h84zM384 726v-300h-86v300h86zM810 128q34 0 60 26t26 60v596q0 34-26 60t-60 26h-596q-34 0-60-26t-26-60v-596q0-34 26-60t60-26h596z"
        ],
        "attrs": [],
        "isMulticolor": false,
        "isMulticolor2": false,
        "tags": [
          "insert_chart, poll, assessment"
        ],
        "grid": 24
      },
      "attrs": [],
      "properties": {
        "order": 11,
        "ligatures": "insert_chart, poll, assessment",
        "id": 287,
        "prevSize": 24,
        "name": "insert_chartpollassessment"
      },
      "setIdx": 0,
      "setId": 0,
      "iconIdx": 287
    },
    {
      "icon": {
        "paths": [
          "M826 428q82 6 140 67t58 145q0 88-63 151t-151 63h-554q-106 0-181-75t-75-181q0-94 67-169t161-85q42-78 118-126t166-48q108 0 201 76t113 182z"
        ],
        "attrs": [],
        "isMulticolor": false,
        "isMulticolor2": false,
        "tags": [
          "cloud"
        ],
        "grid": 24
      },
      "attrs": [],
      "properties": {
        "order": 12,
        "ligatures": "cloud",
        "id": 319,
        "prevSize": 24,
        "name": "cloud"
      },
      "setIdx": 0,
      "setId": 0,
      "iconIdx": 319
    },
    {
      "icon": {
        "paths": [
          "M298 86h428l-172 340h172l-300 512v-384h-128v-468z"
        ],
        "attrs": [],
        "isMulticolor": false,
        "isMulticolor2": false,
        "tags": [
          "flash_on"
        ],
        "grid": 24
      },
      "attrs": [],
      "properties": {
        "order": 7,
        "ligatures": "flash_on",
        "id": 443,
        "prevSize": 24,
        "name": "flash_on"
      },
      "setIdx": 0,
      "setId": 0,
      "iconIdx": 443
    },
    {
      "icon": {
        "paths": [
          "M932 550l-114 262q-26 42-74 42h-346q-40 0-70-30t-30-70v-334q0-36 26-62l274-272 18 20q24 24 38 52 6 14 4 28l-40 198h236q34 0 59 26t25 60v46q0 18-6 34zM86 854v-470h84q18 0 31 12t13 30v384q0 18-13 31t-31 13h-84z"
        ],
        "attrs": [],
        "isMulticolor": false,
        "isMulticolor2": false,
        "tags": [
          "thumb_up_alt"
        ],
        "grid": 24
      },
      "attrs": [],
      "properties": {
        "order": 9,
        "ligatures": "thumb_up_alt",
        "id": 699,
        "prevSize": 24,
        "name": "thumb_up_alt"
      },
      "setIdx": 0,
      "setId": 0,
      "iconIdx": 699
    },
    {
      "icon": {
        "paths": [
          "M644 342v-86q0-54-39-93t-93-39-93 39-39 93v86h264zM512 726q34 0 60-26t26-60-26-60-60-26-60 26-26 60 26 60 60 26zM768 342q34 0 60 25t26 59v428q0 34-26 59t-60 25h-512q-34 0-60-25t-26-59v-428q0-34 26-59t60-25h42v-86q0-88 63-151t151-63 151 63 63 151v86h42z"
        ],
        "attrs": [],
        "isMulticolor": false,
        "isMulticolor2": false,
        "tags": [
          "https, lock"
        ],
        "grid": 24
      },
      "attrs": [],
      "properties": {
        "order": 4,
        "ligatures": "https, lock",
        "id": 759,
        "prevSize": 24,
        "name": "httpslock"
      },
      "setIdx": 0,
      "setId": 0,
      "iconIdx": 759
    },
    {
      "icon": {
        "paths": [
          "M854 128q18 0 30 12t12 30v256q0 18-12 31t-30 13h-726q-18 0-30-13t-12-31v-256q0-18 12-30t30-12h726zM854 554q18 0 30 13t12 31v256q0 18-12 30t-30 12h-726q-18 0-30-12t-12-30v-256q0-18 12-31t30-13h726z"
        ],
        "attrs": [],
        "isMulticolor": false,
        "isMulticolor2": false,
        "tags": [
          "view_agenda"
        ],
        "grid": 24
      },
      "attrs": [],
      "properties": {
        "order": 5,
        "ligatures": "view_agenda",
        "id": 832,
        "prevSize": 24,
        "name": "view_agenda"
      },
      "setIdx": 0,
      "setId": 0,
      "iconIdx": 832
    },
    {
      "icon": {
        "paths": [
          "M982 342q0 34-26 59t-60 25h-2q-14 0-20-2l-152 152q4 12 4 22 0 34-26 59t-60 25-60-25-26-59q0-10 4-22l-110-110q-12 4-22 4t-22-4l-194 194q4 12 4 22 0 34-26 60t-60 26-60-26-26-60 26-59 60-25q16 0 22 2l194-194q-2-6-2-22 0-34 25-60t59-26 60 26 26 60q0 16-2 22l108 108q6-2 22-2t22 2l152-150q-4-12-4-22 0-34 26-60t60-26 60 26 26 60z"
        ],
        "attrs": [],
        "isMulticolor": false,
        "isMulticolor2": false,
        "tags": [
          "timeline"
        ],
        "grid": 24
      },
      "attrs": [],
      "properties": {
        "order": 13,
        "ligatures": "timeline",
        "id": 884,
        "prevSize": 24,
        "name": "timeline"
      },
      "setIdx": 0,
      "setId": 0,
      "iconIdx": 884
    },
    {
      "icon": {
        "paths": [
          "M640 790q102 0 180-68l76 76q-108 98-256 98-124 0-223-72t-139-184h-150v-86h130q-2-12-2-42t2-42h-130v-86h150q40-112 139-184t223-72q60 0 136 29t120 69l-76 76q-78-68-180-68-70 0-142 44t-104 106h246v86h-274q-4 28-4 42t4 42h274v86h-246q32 62 104 106t142 44z"
        ],
        "attrs": [],
        "isMulticolor": false,
        "isMulticolor2": false,
        "tags": [
          "euro_symbol"
        ],
        "grid": 24
      },
      "attrs": [],
      "properties": {
        "order": 2,
        "ligatures": "euro_symbol",
        "id": 888,
        "prevSize": 24,
        "name": "euro_symbol"
      },
      "setIdx": 0,
      "setId": 0,
      "iconIdx": 888
    }
  ],
  "height": 1024,
  "preferences": {
    "showGlyphs": true,
    "showQuickUse": true,
    "showQuickUse2": true,
    "showSVGs": true,
    "fontPref": {
      "prefix": "icon-",
      "metadata": {
        "fontFamily": "icomoon"
      },
      "metrics": {
        "emSize": 1024,
        "baseline": 6.25,
        "whitespace": 50
      },
      "embed": false
    },
    "imagePref": {
      "prefix": "icon-",
      "png": false,
      "useClassSelector": true,
      "color": 0,
      "bgColor": 16777215,
      "classSelector": ".icon",
      "name": "icomoon",
      "height": 32,
      "columns": 16,
      "margin": 16
    },
    "historySize": 50,
    "showCodes": true,
    "gridSize": 16
  }
}