{
  "IcoMoonType": "selection",
  "icons": [
    {
      "icon": {
        "paths": [
          "M684 470v-128l170 170-170 170v-128h-514v-84h514z"
        ],
        "attrs": [
          {}
        ],
        "isMulticolor": false,
        "isMulticolor2": false,
        "tags": [
          "arrow_right_alt"
        ],
        "grid": 24
      },
      "attrs": [
        {}
      ],
      "properties": {
        "order": 1,
        "id": 0,
        "prevSize": 24,
        "name": "arrow_right_alt"
      },
      "setIdx": 0,
      "setId": 1,
      "iconIdx": 0
    },
    {
      "icon": {
        "paths": [
          "M199.429 357.143v566.286h-188.571v-566.286h188.571zM211.429 182.286c0.571 54.286-40.571 97.714-106.286 97.714v0h-1.143c-63.429 0-104-43.429-104-97.714 0-55.429 42.286-97.714 106.286-97.714 64.571 0 104.571 42.286 105.143 97.714zM877.714 598.857v324.571h-188v-302.857c0-76-27.429-128-95.429-128-52 0-82.857 34.857-96.571 68.571-4.571 12.571-6.286 29.143-6.286 46.286v316h-188c2.286-513.143 0-566.286 0-566.286h188v82.286h-1.143c24.571-38.857 69.143-95.429 170.857-95.429 124 0 216.571 81.143 216.571 254.857z"
        ],
        "attrs": [
          {}
        ],
        "width": 878,
        "isMulticolor": false,
        "isMulticolor2": false,
        "tags": [
          "linkedin"
        ],
        "grid": 14
      },
      "attrs": [
        {}
      ],
      "properties": {
        "order": 1,
        "id": 2,
        "prevSize": 28,
        "name": "linkedin"
      },
      "setIdx": 1,
      "setId": 0,
      "iconIdx": 0
    },
    {
      "icon": {
        "paths": [
          "M925.714 233.143c-25.143 36.571-56.571 69.143-92.571 95.429 0.571 8 0.571 16 0.571 24 0 244-185.714 525.143-525.143 525.143-104.571 0-201.714-30.286-283.429-82.857 14.857 1.714 29.143 2.286 44.571 2.286 86.286 0 165.714-29.143 229.143-78.857-81.143-1.714-149.143-54.857-172.571-128 11.429 1.714 22.857 2.857 34.857 2.857 16.571 0 33.143-2.286 48.571-6.286-84.571-17.143-148-91.429-148-181.143v-2.286c24.571 13.714 53.143 22.286 83.429 23.429-49.714-33.143-82.286-89.714-82.286-153.714 0-34.286 9.143-65.714 25.143-93.143 90.857 112 227.429 185.143 380.571 193.143-2.857-13.714-4.571-28-4.571-42.286 0-101.714 82.286-184.571 184.571-184.571 53.143 0 101.143 22.286 134.857 58.286 41.714-8 81.714-23.429 117.143-44.571-13.714 42.857-42.857 78.857-81.143 101.714 37.143-4 73.143-14.286 106.286-28.571z"
        ],
        "attrs": [
          {}
        ],
        "width": 951,
        "isMulticolor": false,
        "isMulticolor2": false,
        "tags": [
          "twitter"
        ],
        "grid": 14
      },
      "attrs": [
        {}
      ],
      "properties": {
        "order": 1,
        "id": 1,
        "name": "twitter",
        "prevSize": 28
      },
      "setIdx": 1,
      "setId": 0,
      "iconIdx": 1
    },
    {
      "icon": {
        "paths": [
          "M548 6.857v150.857h-89.714c-70.286 0-83.429 33.714-83.429 82.286v108h167.429l-22.286 169.143h-145.143v433.714h-174.857v-433.714h-145.714v-169.143h145.714v-124.571c0-144.571 88.571-223.429 217.714-223.429 61.714 0 114.857 4.571 130.286 6.857z"
        ],
        "attrs": [
          {}
        ],
        "width": 602,
        "isMulticolor": false,
        "isMulticolor2": false,
        "tags": [
          "facebook",
          "facebook-f"
        ],
        "grid": 14
      },
      "attrs": [
        {}
      ],
      "properties": {
        "order": 1,
        "id": 0,
        "name": "facebook, facebook-f",
        "prevSize": 28
      },
      "setIdx": 1,
      "setId": 0,
      "iconIdx": 2
    }
  ],
  "height": 1024,
  "preferences": {
    "showGlyphs": true,
    "showCodes": true,
    "showQuickUse": true,
    "showQuickUse2": true,
    "showSVGs": true,
    "fontPref": {
      "prefix": "icon-",
      "metadata": {},
      "metrics": {
        "emSize": 1024,
        "baseline": 6.25,
        "whitespace": 50
      }
    },
    "imagePref": {
      "prefix": "icon-",
      "png": false,
      "useClassSelector": true,
      "color": 0,
      "bgColor": 16777215,
      "name": "icomoon",
      "classSelector": ".icon",
      "height": 32,
      "columns": 16,
      "margin": 16
    },
    "historySize": 50
  }
}